{
  "errors" : [ {
    "code" : "EQT4635",
    "field" : "orderReference",
    "message" : "Order Reference not found",
    "recordId" : ""
  }, {
    "code" : "EQT1461",
    "field" : "shipmentQuantity",
    "message" : "Value required.",
    "recordId" : ""
  } ],
  "overrides" : [ {
    "code" : null,
    "field" : "invoiceNumber",
    "message" : null,
    "value" : "2000214",
    "recordId" : null
  }, {
    "code" : null,
    "field" : "invoiceDate",
    "message" : null,
    "value" : "20160824",
    "recordId" : null
  }, {
    "code" : null,
    "field" : "productNumber",
    "message" : null,
    "value" : "601882",
    "recordId" : null
  }, {
    "code" : null,
    "field" : "orderReference",
    "message" : null,
    "value" : "000000000824",
    "recordId" : null
  }, {
    "code" : null,
    "field" : "orderCreationYear",
    "message" : null,
    "value" : "2016",
    "recordId" : null
  }, {
    "code" : null,
    "field" : "costPrice",
    "message" : null,
    "value" : "2518.56",
    "recordId" : null
  }, {
    "code" : null,
    "field" : "productDescription",
    "message" : null,
    "value" : "TB26HP/54\"TRC\"TR",
    "recordId" : null
  }, {
    "code" : null,
    "field" : "shipmentNumber",
    "message" : null,
    "value" : "17324",
    "recordId" : null
  }, {
    "code" : null,
    "field" : "facilityNumber",
    "message" : null,
    "value" : "961",
    "recordId" : null
  }, {
    "code" : null,
    "field" : "orderCreationMonthDate",
    "message" : null,
    "value" : "0824",
    "recordId" : null
  }, {
    "code" : null,
    "field" : "storedOrderReference",
    "message" : null,
    "value" : "000000000824",
    "recordId" : null
  }, {
    "code" : null,
    "field" : "zzorMessageSentOnce",
    "message" : null,
    "value" : "true",
    "recordId" : null
  }, {
    "code" : null,
    "field" : "retailPriceAmount",
    "message" : null,
    "value" : "2999.99",
    "recordId" : null
  }, {
    "code" : null,
    "field" : "zzdfEnterPressed",
    "message" : null,
    "value" : "false",
    "recordId" : null
  }, {
    "code" : null,
    "field" : "changeMode",
    "message" : null,
    "value" : "false",
    "recordId" : null
  } ],
  "stackTrace" : null
}