{
  "positionToProductNumber" : 0,
  "filter" : true,
  "dealPromoStartDate" : "2014-05-08",
  "startWeek" : null,
  "dealPromoEndDate" : "2014-05-15",
  "endWeek" : null,
  "timeSpecialProducts" : [ {
    "recordId" : "cf1ddf4c-cd32-443f-a388-b39610bb3311",
    "offeringNumber" : 335280,
    "description" : "EUROQUART CLEMATIS",
    "alternativePriceAmount" : 4.69,
    "promoCost" : 5.25,
    "promoStartDate" : 140509,
    "promoStartTime" : "60000",
    "promoEndDate" : 140514,
    "promoEndTime" : "230000",
    "autoActivateInd" : "Y",
    "activationStatusCode" : "D",
    "autoDeActivateInd" : "Y",
    "deActivationStatusInd" : "D"
  }, {
    "recordId" : "d4b3a5fd-8f0f-473d-a00c-b7c7a165ebca",
    "offeringNumber" : 594507,
    "description" : "CRCL H TRPL MX 25L",
    "alternativePriceAmount" : 3.19,
    "promoCost" : 3.13,
    "promoStartDate" : 140510,
    "promoStartTime" : "60000",
    "promoEndDate" : 140510,
    "promoEndTime" : "230000",
    "autoActivateInd" : "Y",
    "activationStatusCode" : "D",
    "autoDeActivateInd" : "Y",
    "deActivationStatusInd" : "D"
  }, {
    "recordId" : "704691b9-6a7f-4200-b08e-d8f3205f9a99",
    "offeringNumber" : 596604,
    "description" : "YW BYPASS PRUNER SK5",
    "alternativePriceAmount" : 5.99,
    "promoCost" : 11.85,
    "promoStartDate" : 140509,
    "promoStartTime" : "60000",
    "promoEndDate" : 140514,
    "promoEndTime" : "230000",
    "autoActivateInd" : "Y",
    "activationStatusCode" : "D",
    "autoDeActivateInd" : "Y",
    "deActivationStatusInd" : "D"
  }, {
    "recordId" : "ddb3d4fe-46d4-42ca-9136-e7c365229174",
    "offeringNumber" : 596605,
    "description" : "YW ANVIL PRUNER SK5",
    "alternativePriceAmount" : 5.99,
    "promoCost" : 11.92,
    "promoStartDate" : 140509,
    "promoStartTime" : "60000",
    "promoEndDate" : 140514,
    "promoEndTime" : "230000",
    "autoActivateInd" : "Y",
    "activationStatusCode" : "D",
    "autoDeActivateInd" : "Y",
    "deActivationStatusInd" : "D"
  }, {
    "recordId" : "4b151bb7-4d89-4491-91ea-1e1ac4c964b9",
    "offeringNumber" : 596638,
    "description" : "YW COLOUR SHRS",
    "alternativePriceAmount" : 16.00,
    "promoCost" : 11.78,
    "promoStartDate" : 140509,
    "promoStartTime" : "60000",
    "promoEndDate" : 140514,
    "promoEndTime" : "230000",
    "autoActivateInd" : "Y",
    "activationStatusCode" : "D",
    "autoDeActivateInd" : "Y",
    "deActivationStatusInd" : "D"
  }, {
    "recordId" : "41e01c68-65f5-4c80-ad02-17c10b647f28",
    "offeringNumber" : 596662,
    "description" : "YW COLOURED PRUNERS",
    "alternativePriceAmount" : 8.00,
    "promoCost" : 6.17,
    "promoStartDate" : 140509,
    "promoStartTime" : "60000",
    "promoEndDate" : 140514,
    "promoEndTime" : "230000",
    "autoActivateInd" : "Y",
    "activationStatusCode" : "D",
    "autoDeActivateInd" : "Y",
    "deActivationStatusInd" : "D"
  }, {
    "recordId" : "6e48c34f-7779-4674-909b-0afa87f77de8",
    "offeringNumber" : 596674,
    "description" : "YW COLOUR LPR",
    "alternativePriceAmount" : 16.00,
    "promoCost" : 11.35,
    "promoStartDate" : 140509,
    "promoStartTime" : "60000",
    "promoEndDate" : 140514,
    "promoEndTime" : "230000",
    "autoActivateInd" : "Y",
    "activationStatusCode" : "D",
    "autoDeActivateInd" : "Y",
    "deActivationStatusInd" : "D"
  } ]
}